City_ID,City,Lat,Lng,Max Temp,Humidity,Cloudiness,Wind Speed,Country,Date
0,puerto ayora,-0.7393,-90.3518,25.86,93,5,3.13,EC,1711935275.4123762
1,tiksi,71.6872,128.8694,-9.36,84,100,9.53,RU,1711935275.8722482
2,sangaria,29.8,74.45,20.25,40,84,2.11,IN,1711935276.751112
3,edinburgh of the seven seas,-37.0676,-12.3116,17.15,74,100,6.28,SH,1711935277.272449
4,port-aux-francais,-49.35,70.2167,4.94,80,100,9.49,TF,1711935277.9374511
5,anchorage,61.2181,-149.9003,5.38,54,100,9.26,US,1711935278.379781
6,molde,62.7375,7.1591,5.95,100,75,2.06,NO,1711935278.8110201
7,hammerfest,70.6634,23.6821,-6.75,86,75,8.23,NO,1711935279.3612878
8,port alfred,-33.5906,26.891,19.54,87,95,0.45,ZA,1711935280.0301461
9,las animas,-39.8087,-73.2182,9.08,86,0,1.01,CL,1711935280.491565
10,port elizabeth,-33.918,25.5701,20.16,84,0,7.2,ZA,1711935280.937002
11,road town,18.4167,-64.6167,26.02,73,40,4.12,VG,1711935281.406713
12,jinghong,21.991,100.7341,31.6,29,3,0.62,CN,1711935281.859371
13,woodlake,37.4211,-77.6793,15.32,93,75,2.57,US,1711935282.6790242
14,puerto natales,-51.7236,-72.4875,5.14,88,95,3.09,CL,1711935283.12962
15,high springs,29.8269,-82.5968,21.08,80,74,2.77,US,1711935283.646528
16,grytviken,-54.2811,-36.5092,-2.86,68,15,1.14,GS,1711935284.5812302
17,port saint john's,-31.6229,29.5448,22.71,77,55,4.68,ZA,1711935285.010535
18,castillos,-34.1667,-53.8333,16.03,75,100,4.46,UY,1711935285.5525
19,lata,40.1629,-8.3327,9.4,96,60,2.33,PT,1711935286.115647
20,port blair,11.6667,92.75,27.02,94,20,0.51,IN,1711935286.9834208
21,albany,42.6001,-73.9662,7.36,64,69,1.99,US,1711935287.567074
22,kapa'a,22.0752,-159.319,26.18,67,20,5.66,US,1711935288.049514
23,bilibino,68.0546,166.4372,-22.22,73,28,0.95,RU,1711935288.575401
24,naas,53.2158,-6.6669,8.34,87,100,6.17,IE,1711935289.0395432
25,enewetak,11.3474,162.3373,27.14,79,100,9.53,MH,1711935289.529098
26,m'sila,35.7058,4.5419,16.7,58,95,6.33,DZ,1711935290.099526
27,glace bay,46.1969,-59.957,-0.48,75,40,2.24,CA,1711935290.776591
28,langepas,61.2544,75.2124,-11.93,89,100,5.84,RU,1711935291.796083
29,margaret river,-33.95,115.0667,17.99,47,0,4.62,AU,1711935292.715884
30,bethel,41.3712,-73.414,11.93,47,0,2.06,US,1711935293.435262
31,lakatoro,-16.0999,167.4164,28.53,71,67,4.37,VU,1711935294.064258
32,maloye ganyushkino,46.6,49.2667,7.58,68,12,1.16,KZ,1711935294.648352
33,wijchen,51.8,5.7167,9.39,91,100,1.54,NL,1711935295.240432
34,badger,64.8,-147.5333,4.14,62,100,8.75,US,1711935295.7968378
35,bredasdorp,-34.5322,20.0403,18.09,59,84,5.74,ZA,1711935296.346007
36,wailua homesteads,22.0669,-159.378,25.44,68,20,5.66,US,1711935297.430721
37,utrik,11.2278,169.8474,26.95,77,87,9.48,MH,1711935297.879423
38,hermanus,-34.4187,19.2345,16.0,77,11,6.43,ZA,1711935298.3204968
39,colonia,50.9333,6.95,11.65,85,0,2.06,DE,1711935298.774684
40,xilin hot,43.9667,116.0333,6.71,19,80,3.71,CN,1711935299.21967
41,kodiak,57.79,-152.4072,0.73,86,100,0.0,US,1711935300.295041
42,vorgashor,67.5833,63.95,-8.13,96,100,3.65,RU,1711935300.863518
43,uturoa,-16.7333,-151.4333,28.34,79,96,9.36,PF,1711935302.0393012
44,loch garman,52.3342,-6.4575,9.38,100,89,6.26,IE,1711935303.2640362
45,waitangi,-43.9535,-176.5597,14.34,93,94,3.58,NZ,1711935303.730211
46,pueblo nuevo,23.3833,-105.3833,11.13,65,100,0.5,MX,1711935304.2008572
47,invercargill,-46.4,168.35,13.9,76,96,0.45,NZ,1711935304.6373959
48,tanout,14.9709,8.8879,28.66,14,100,5.65,NE,1711935305.2694862
49,petropavlovsk-kamchatsky,53.0452,158.6483,0.33,88,100,6.0,RU,1711935305.730633
50,feres,40.8956,26.17,12.69,88,0,0.0,GR,1711935306.377485
51,tura,25.5198,90.2201,24.49,73,55,3.47,IN,1711935306.966671
52,sparta,43.9441,-90.8129,8.33,72,100,0.0,US,1711935307.576362
53,anna regina,7.2644,-58.5077,27.37,80,34,3.34,GY,1711935308.191612
54,tuban,-6.8976,112.0649,28.72,76,93,3.72,ID,1711935308.637812
55,griffith,41.5284,-87.4237,6.81,94,100,4.63,US,1711935309.409199
56,ushuaia,-54.8,-68.3,3.81,75,40,3.6,AR,1711935309.956202
57,adamstown,-25.066,-130.1015,22.95,73,100,15.75,PN,1711935310.630639
58,itoman,26.1247,127.6694,25.21,78,75,3.6,JP,1711935311.054306
59,tubarjal,30.4999,38.216,17.47,52,0,3.26,SA,1711935311.5697322
60,porto murtinho,-21.6989,-57.8825,23.69,97,100,2.15,BR,1711935312.466321
61,blackmans bay,-43.0167,147.3167,18.74,77,100,0.89,AU,1711935312.9172359
62,pavlohrad,48.5167,35.8667,10.22,68,31,3.87,UA,1711935313.40265
63,port mathurin,-19.6833,63.4167,26.82,82,100,2.89,MU,1711935313.856024
64,touros,-5.1989,-35.4608,25.01,92,100,2.74,BR,1711935314.473909
65,iqaluit,63.7506,-68.5145,1.85,80,100,14.92,CA,1711935315.169954
66,kavieng,-2.5744,150.7967,28.03,77,42,1.52,PG,1711935315.618329
67,ivdel',60.6911,60.4206,2.88,100,100,0.89,RU,1711935316.085899
68,yellowknife,62.456,-114.3525,1.34,80,75,11.83,CA,1711935316.5383182
69,olinda,-8.0089,-34.8553,26.85,100,40,1.54,BR,1711935317.022659
70,nuuk,64.1835,-51.7216,2.34,48,40,3.09,GL,1711935317.520882
71,forrest city,35.0081,-90.7898,22.47,86,100,6.76,US,1711935318.025881
72,concepcion,-36.827,-73.0498,12.89,71,0,4.63,CL,1711935318.538191
73,punta arenas,-53.15,-70.9167,4.06,87,40,4.63,CL,1711935319.0360498
74,minas de marcona,-15.2119,-75.1103,17.65,83,98,4.83,PE,1711935319.672108
75,shingu,33.7333,135.9833,20.92,43,0,3.38,JP,1711935320.124125
76,rechka-vydrino,51.485,104.8461,-1.12,95,100,1.94,RU,1711935320.641185
77,margate,51.3813,1.3862,8.83,93,63,1.79,GB,1711935321.1155589
78,olyokminsk,60.3736,120.4264,-8.76,79,100,1.74,RU,1711935321.584678
79,riberalta,-10.9833,-66.1,25.07,84,7,1.08,BO,1711935323.334621
80,karymskoye,51.6167,114.35,1.37,25,98,0.78,RU,1711935323.7831628
81,whitehorse,60.7161,-135.0538,4.43,30,75,9.77,CA,1711935324.223479
82,waingapu,-9.6567,120.2641,29.41,71,100,1.94,ID,1711935324.658211
83,scalea,39.813,15.7956,18.87,52,100,2.79,IT,1711935325.482301
84,isafjordur,66.0755,-23.124,-5.17,84,100,10.99,IS,1711935325.929714
85,east london,-33.0153,27.9116,22.08,81,93,7.61,ZA,1711935326.498801
86,nova sintra,14.8667,-24.7167,19.23,74,1,6.26,CV,1711935327.046628
87,ilulissat,69.2167,-51.1,-4.99,86,75,2.06,GL,1711935327.527387
88,island harbour,50.724,-1.2758,9.01,93,5,0.89,GB,1711935328.070891
89,bandarbeyla,9.4942,50.8122,27.19,73,8,4.56,SO,1711935328.526367
90,west island,-12.1568,96.8225,27.99,89,75,6.17,CC,1711935329.666771
91,sosnogorsk,63.6023,53.8817,-1.92,88,93,4.47,RU,1711935330.276661
92,lubango,-14.9172,13.4925,17.79,78,96,1.43,AO,1711935330.72126
93,hawaiian paradise park,19.5933,-154.9731,26.73,73,75,4.63,US,1711935331.3905122
94,taoudenni,22.6783,-3.9836,28.46,16,73,3.27,ML,1711935331.896713
95,anadyr,64.75,177.4833,-21.72,69,0,3.0,RU,1711935332.343266
96,mata-utu,-13.2816,-176.1745,29.63,76,21,7.13,WF,1711935332.876981
97,kurmuk,10.55,34.2833,25.69,18,52,0.92,SD,1711935333.330306
98,pechora,65.1472,57.2244,-1.75,77,100,4.02,RU,1711935333.7678459
99,vila velha,-20.3297,-40.2925,25.53,87,40,3.13,BR,1711935334.205096
100,udachny,66.4167,112.4,-7.63,89,80,4.61,RU,1711935336.289325
101,vadso,70.0744,29.7487,-10.91,73,97,5.66,NO,1711935336.8965728
102,obo,5.3998,26.4869,21.29,90,100,2.17,CF,1711935337.439381
103,nadym,65.5333,72.5167,-11.13,81,100,8.61,RU,1711935338.0057878
104,hobyo,5.3505,48.5268,27.51,79,4,5.19,SO,1711935338.624255
105,mahina,-17.5065,-149.489,27.87,78,75,1.03,PF,1711935339.069931
106,lensk,60.7253,114.9278,-5.23,74,5,1.24,RU,1711935339.574516
107,figuig (centre),32.1089,-1.2286,16.0,33,0,2.8,MA,1711935340.086247
108,alice springs,-23.7,133.8833,30.12,50,40,3.09,AU,1711935340.946149
109,constantia,44.1833,28.65,15.39,66,7,3.58,RO,1711935341.377553
110,bayganin,48.6947,55.8742,3.04,81,88,2.79,KZ,1711935342.173422
111,bayanhongor,46.7167,100.1167,0.1,42,29,3.07,MN,1711935342.7404249
112,pokhara,28.2333,83.9833,24.41,23,0,0.58,NP,1711935343.157711
113,anatuya,-28.4606,-62.8347,25.1,73,38,5.13,AR,1711935343.5853922
114,iskateley,67.6803,53.1512,-13.32,94,26,3.58,RU,1711935344.171343
115,kolonia town,6.964,158.206,31.06,74,100,5.14,FM,1711935344.668169
116,elesbao veloso,-6.2019,-42.1403,23.0,98,100,1.66,BR,1711935345.093952
117,ancud,-41.8697,-73.8203,7.85,83,1,1.92,CL,1711935345.683224
118,ambovombe,-25.1667,46.0833,22.27,86,63,8.9,MG,1711935346.144045
119,hadibu,12.65,54.0333,26.32,74,1,4.3,YE,1711935346.749056
120,vila franca do campo,37.7167,-25.4333,14.23,77,99,4.38,PT,1711935347.326838
121,acarau,-2.8856,-40.12,24.88,87,100,1.79,BR,1711935347.768455
122,puerto armuelles,8.2833,-82.8667,29.49,62,8,2.24,PA,1711935348.317888
123,sao gabriel da cachoeira,-0.1303,-67.0892,22.92,98,100,0.3,BR,1711935349.5285041
124,brokopondo,4.75,-55.1667,26.34,78,93,4.31,SR,1711935350.053657
125,ribeira grande,38.5167,-28.7,15.99,91,100,9.83,PT,1711935350.722327
126,atafu village,-8.5421,-172.5159,29.79,74,100,5.89,TK,1711935351.906655
127,nogliki,51.8333,143.1667,0.19,91,100,1.34,RU,1711935352.3463428
128,bratsk,56.1325,101.6142,-1.73,75,82,6.43,RU,1711935352.902866
129,gadzhiyevo,69.2551,33.3362,-10.26,91,82,4.39,RU,1711935353.550155
130,porto novo,6.4965,2.6036,28.16,82,100,4.08,BJ,1711935353.988404
131,chingirlau,51.095,54.0814,3.18,90,60,3.5,KZ,1711935354.531436
132,nema,57.5067,50.5011,1.12,92,100,2.11,RU,1711935354.980185
133,nar'yan-mar,67.6713,53.087,-13.27,94,26,3.58,RU,1711935355.4569159
134,gharghoda,22.1667,83.35,29.0,47,4,0.85,IN,1711935355.928781
135,ust-nera,64.5667,143.2,-11.17,82,88,1.6,RU,1711935356.717154
136,talnakh,69.4865,88.3972,-22.72,99,99,2.19,RU,1711935358.068952
137,wanning,18.8003,110.3967,28.68,74,1,6.03,CN,1711935358.514452
138,yaren,-0.5472,166.916,28.33,79,62,6.92,NR,1711935359.032479
139,gereida,11.2811,25.1414,25.32,8,100,7.19,SD,1711935359.489851
140,camayenne,9.535,-13.6878,27.05,89,40,3.09,GN,1711935360.179661
141,tawau,4.2498,117.8871,30.07,79,100,1.07,MY,1711935361.018837
142,grums,59.3466,13.1091,4.28,93,100,3.6,SE,1711935361.4758542
143,sheridan,44.8333,-106.9173,1.28,93,100,3.09,US,1711935362.670857
144,fort st. john,56.2499,-120.8529,11.94,32,20,12.35,CA,1711935363.296492
145,luwuk,-0.9516,122.7875,29.48,79,76,0.72,ID,1711935363.772383
146,itaituba,-4.2761,-55.9836,26.07,86,94,0.61,BR,1711935365.301787
147,segezha,63.7415,34.3222,0.13,95,99,5.43,RU,1711935365.769258
148,maues,-3.3836,-57.7186,24.26,97,79,1.08,BR,1711935366.350826
149,poli,-3.3333,36.8,16.53,94,99,0.98,TZ,1711935366.833925
150,rongelap,11.1635,166.8941,26.97,72,41,9.2,MH,1711935367.439502
151,bubaque,11.2833,-15.8333,24.6,69,94,5.56,GW,1711935368.459409
152,spasskoye,44.6108,132.7969,1.98,43,15,5.12,RU,1711935368.948864
153,oliver,49.1831,-119.5524,14.95,26,100,2.06,CA,1711935370.273847
154,aykhal,66.0,111.5,-8.19,93,92,5.23,RU,1711935371.012392
155,tabalah,19.95,42.4,13.58,71,0,1.93,SA,1711935371.472045
156,malaga,36.7202,-4.4203,12.77,90,20,2.06,ES,1711935371.9200819
157,college,64.8569,-147.8028,4.18,65,100,8.75,US,1711935372.60029
158,cabanas,22.9758,-82.9219,23.35,73,1,6.44,CU,1711935373.204923
159,kayangel,8.0823,134.7173,27.81,72,15,7.32,PW,1711935373.714853
160,chonchi,-42.6128,-73.8092,5.56,94,21,0.38,CL,1711935374.402328
161,leninskoye,41.7589,69.3864,6.41,45,34,2.01,KZ,1711935375.035135
162,nova vicosa,-17.8919,-39.3719,25.79,89,78,3.72,BR,1711935375.497898
163,aswan,24.0934,32.907,23.61,38,0,2.06,EG,1711935375.94083
164,wad rawah,15.1603,33.1397,24.18,14,40,4.93,SD,1711935376.515828
165,masterton,-40.9597,175.6575,16.6,43,1,1.48,NZ,1711935377.2993212
166,lycksele,64.5954,18.6735,-1.07,93,100,2.57,SE,1711935377.7440798
167,axim,4.8699,-2.2405,27.63,87,75,3.48,GH,1711935378.654502
168,argo,37.6333,22.7333,16.51,54,56,1.49,GR,1711935379.271848
169,key west,24.5557,-81.7826,24.0,73,0,7.2,US,1711935380.333432
170,nouadhibou,20.931,-17.0347,18.99,72,2,7.2,MR,1711935380.773789
171,susuman,62.7833,148.1667,-12.23,81,74,1.34,RU,1711935381.550121
172,santiago de cao,-7.9589,-79.2392,22.07,83,40,5.14,PE,1711935382.002649
173,ryotsu-minato,38.0833,138.4333,9.86,52,37,2.44,JP,1711935382.4615822
174,san felipe,10.3399,-68.7425,21.64,87,84,1.52,VE,1711935382.9307148
175,klyuchi,52.2667,79.1667,2.03,74,100,4.15,RU,1711935383.529263
176,laojunmiao,39.8333,97.7333,6.73,38,99,1.73,CN,1711935384.0594182
177,salemi,37.8231,12.8056,24.88,41,71,6.04,IT,1711935384.574253
178,wickenburg,33.9686,-112.7296,12.6,73,54,6.01,US,1711935385.1665542
179,casper,42.8666,-106.3131,1.51,88,100,4.63,US,1711935386.1026099
180,freetown,8.484,-13.2299,26.84,78,83,4.12,SL,1711935386.5745869
181,embi,48.8264,58.1442,-0.67,91,59,1.88,KZ,1711935387.033818
182,holualoa,19.6228,-155.9522,24.91,81,40,4.63,US,1711935387.481941
183,mana,5.6592,-53.7767,26.34,86,72,3.82,GF,1711935388.020611
184,at taj,24.2049,23.2857,18.76,31,0,4.63,LY,1711935388.475586
185,goondiwindi,-28.55,150.3167,27.71,42,42,2.35,AU,1711935389.049301
186,sallent,41.8455,1.919,8.35,70,0,1.41,ES,1711935389.635453
187,villa gesell,-37.2639,-56.973,16.14,59,100,5.37,AR,1711935390.2317052
188,las heras,-46.5419,-68.9359,8.53,53,3,4.69,AR,1711935390.880048
189,geraldton,-28.7667,114.6,25.23,47,65,7.2,AU,1711935391.4531388
190,andergrove,-21.0833,149.1833,24.8,66,19,6.76,AU,1711935391.902712
191,carnarvon,-24.8667,113.6333,30.8,38,37,5.82,AU,1711935392.418126
192,arauca,7.0847,-70.7591,29.98,54,40,1.54,CO,1711935392.864235
193,lihue,21.9789,-159.3672,25.77,67,20,5.66,US,1711935393.322276
194,dongxing,45.3667,130.8,1.58,41,57,6.66,CN,1711935393.775118
195,thai nguyen,21.5928,105.8442,25.88,75,88,2.96,VN,1711935394.298201
196,dudinka,69.4058,86.1778,-29.62,100,100,1.79,RU,1711935394.777361
197,queenstown,-31.8976,26.8753,18.75,60,100,2.5,ZA,1711935395.373846
198,cannonvale,-20.2833,148.7,26.66,65,15,6.78,AU,1711935396.169284
199,sur,22.5667,59.5289,25.6,56,89,2.13,OM,1711935396.671021
200,east lismore,-28.8193,153.2874,24.19,83,93,1.87,AU,1711935397.199429
201,katabu,-4.9333,122.5167,29.19,79,95,1.33,ID,1711935398.190549
202,papatowai,-46.5619,169.4708,13.66,65,93,1.86,NZ,1711935399.7264068
203,tsiombe,-25.3,45.4833,22.44,82,84,8.17,MG,1711935400.210436
204,ca mau,9.1769,105.15,32.42,53,77,1.54,VN,1711935400.658732
205,yamada,39.4667,141.95,9.01,56,62,2.03,JP,1711935401.569618
206,jamestown,42.097,-79.2353,4.45,92,20,2.57,US,1711935402.89709
207,olonkinbyen,70.9221,-8.7187,-7.9,70,100,8.85,SJ,1711935403.3516579
208,papao,-17.75,-149.55,27.82,83,99,12.28,PF,1711935403.865521
209,codrington,-38.2667,141.9667,22.53,59,100,4.63,AU,1711935404.551939
210,san andres,12.5847,-81.7006,28.01,65,20,3.09,CO,1711935405.459427
211,howrah,22.5892,88.3103,29.0,74,0,2.57,IN,1711935405.902839
212,sisimiut,66.9395,-53.6735,-2.18,72,100,4.22,GL,1711935406.482621
213,quesnel,52.9999,-122.5029,13.28,35,75,5.66,CA,1711935407.202013
214,gaigeturi,33.4644,126.3183,16.03,59,0,2.06,KR,1711935407.63622
215,siwa oasis,29.2041,25.5195,21.76,45,0,3.38,EG,1711935408.534123
216,karratha,-20.7377,116.8463,34.21,29,0,3.78,AU,1711935409.8168151
217,plymouth,41.8334,-70.8328,9.01,68,0,0.0,US,1711935410.374843
218,ust'-kut,56.7938,105.7672,0.04,89,100,5.37,RU,1711935411.196228
219,manadhoo,5.7667,73.3833,28.72,72,77,2.81,MV,1711935411.645931
220,san isidro de curuguaty,-24.5167,-55.7,21.78,96,27,1.76,PY,1711935412.104855
221,kenora,49.8167,-94.4337,-2.46,68,75,2.06,CA,1711935412.55457
222,ust'-ilimsk,58.0006,102.6619,-0.31,94,99,3.13,RU,1711935412.9924061
223,fortuna,40.5982,-124.1573,12.97,80,75,9.26,US,1711935413.464179
224,quepos,9.4236,-84.1652,26.88,80,78,0.62,CR,1711935414.070418
225,sanctuary point,-35.1114,150.629,27.21,52,8,4.27,AU,1711935414.721834
226,blairgowrie,56.5916,-3.3405,6.12,90,99,2.38,GB,1711935415.378268
227,longyearbyen,78.2186,15.6401,-22.09,77,20,4.63,SJ,1711935416.030571
228,ende,-8.8432,121.6623,30.26,72,96,1.58,ID,1711935416.556674
229,kovernino,57.1253,43.8142,0.71,98,84,2.82,RU,1711935417.1072168
230,luderitz,-26.6481,15.1594,16.1,88,0,5.72,NA,1711935417.563238
231,guangming,45.3333,122.7833,2.92,29,3,3.77,CN,1711935418.012007
232,xuanzhou,30.9525,118.7553,24.71,59,47,4.6,CN,1711935418.462862
233,orapa,-21.2833,25.3667,18.8,73,99,6.46,BW,1711935419.5920289
234,saiha,22.4833,92.9667,25.89,49,1,1.26,IN,1711935420.5236092
235,salalah,17.0151,54.0924,25.05,65,0,1.54,OM,1711935421.2990038
236,kapuskasing,49.4169,-82.4331,0.05,100,100,4.63,CA,1711935421.868216
237,guaruja,-23.9931,-46.2564,23.27,26,24,2.44,BR,1711935422.312869
238,isla mujeres,21.2311,-86.731,26.03,67,0,6.18,MX,1711935422.7789161
239,qaqortoq,60.7167,-46.0333,-6.94,74,95,2.45,GL,1711935423.236456
240,broken hill,-31.95,141.4333,25.25,54,98,6.87,AU,1711935424.123313
241,kingston,17.997,-76.7936,27.53,74,75,9.26,JM,1711935424.5726862
242,ojinaga,29.5667,-104.4167,31.53,18,0,6.17,MX,1711935425.028128
243,dunedin,-45.8742,170.5036,12.11,88,100,1.79,NZ,1711935425.466624
244,san-pedro,4.7485,-6.6363,26.96,91,13,1.96,CI,1711935425.9230669
245,daru,-9.0763,143.2092,26.04,89,100,1.8,PG,1711935426.600172
246,ugoofaaru,5.6667,73.0,28.7,73,51,2.71,MV,1711935427.205379
247,portland,45.5234,-122.6762,18.32,43,20,4.63,US,1711935427.654372
248,kiunga,-6.1219,141.2906,31.93,59,94,1.74,PG,1711935428.096349
249,monterey,36.2505,-121.2516,11.21,73,5,3.94,US,1711935428.5567229
250,thompson,55.7435,-97.8558,-4.91,50,40,0.0,CA,1711935429.088779
251,coquimbo,-29.9533,-71.3436,18.76,74,0,1.5,CL,1711935429.5222
252,lefkada,38.8275,20.7019,13.95,88,0,2.57,GR,1711935430.1726341
253,berrotaran,-32.451,-64.3887,15.79,62,21,2.21,AR,1711935430.642983
254,maun,-19.9833,23.4167,20.14,81,100,2.82,BW,1711935431.7521431
255,ulsteinvik,62.3432,5.8487,7.64,91,94,0.89,NO,1711935432.597006
256,la'ie,21.6477,-157.9253,28.98,69,0,3.58,US,1711935433.1300328
257,medjez el bab,36.6496,9.6123,17.59,33,66,2.65,TN,1711935433.6216981
258,shumikha,55.2261,63.2961,0.96,99,100,5.18,RU,1711935434.440313
259,mejit,10.2753,170.8646,27.09,76,77,9.58,MH,1711935434.8845592
260,ghadamis,30.1337,9.5007,23.04,14,3,1.87,LY,1711935435.3645089
261,georgetown,5.4112,100.3354,29.41,83,20,2.06,MY,1711935436.196213
262,al bardiyah,31.7561,25.0865,17.65,77,0,2.24,LY,1711935436.684263
263,flying fish cove,-10.4217,105.6791,27.82,78,75,5.14,CX,1711935437.135031
264,al kut,32.5147,45.819,20.2,37,0,4.74,IQ,1711935437.613646
265,preobrazheniye,42.9019,133.9064,3.71,42,21,3.6,RU,1711935438.20268
266,kirakira,-10.4544,161.9205,26.95,83,100,1.68,SB,1711935438.946649
267,puerto baquerizo moreno,-0.9,-89.6,24.55,83,9,4.37,EC,1711935439.5032582
268,tazacorte,28.629,-17.9293,17.54,81,0,3.13,ES,1711935440.328162
269,sokoni,-6.4333,39.55,27.37,80,100,2.68,TZ,1711935440.784866
270,mar del plata,-38.0023,-57.5575,16.08,63,100,2.57,AR,1711935441.227493
271,tambacounda,13.7539,-13.7586,34.03,24,0,3.09,SN,1711935442.1203809
272,nuku'alofa,-21.1333,-175.2,29.19,89,75,5.14,TO,1711935442.7911081
273,sarishabari,24.7333,89.8333,26.77,73,8,3.7,BD,1711935443.552054
274,abaza,52.655,90.0928,2.12,83,100,3.46,RU,1711935444.4756858
275,tazovsky,67.4667,78.7,-21.65,98,75,2.7,RU,1711935445.129853
276,mawu,29.5923,107.3139,21.65,72,100,1.29,CN,1711935445.685421
277,begoro,6.3871,-0.3774,23.3,93,100,1.85,GH,1711935446.167372
278,lazaro cardenas,17.9583,-102.2,23.41,82,8,2.24,MX,1711935446.6469572
279,keflavik,64.0049,-22.5624,-2.05,59,75,11.83,IS,1711935447.1492321
280,peno,56.9262,32.7426,11.76,91,100,4.85,RU,1711935447.876035
281,ain touta,35.3768,5.9,15.72,39,10,3.13,DZ,1711935448.4979079
282,borogontsy,62.6683,131.1683,-11.08,87,94,2.56,RU,1711935449.0687308
283,onguday,50.75,86.15,0.46,70,100,0.34,RU,1711935449.733771
284,wick,58.4333,-3.0833,6.03,93,75,3.6,GB,1711935450.753044
285,barreirinha,-2.7933,-57.07,25.14,93,78,1.25,BR,1711935451.551286
286,salahonda,2.1019,-78.7217,26.18,86,99,1.06,CO,1711935452.418638
287,verkhnevilyuysk,63.4453,120.3167,-8.43,83,6,2.6,RU,1711935452.903672
288,ust-tsilma,65.441,52.1498,-7.62,93,100,3.65,RU,1711935453.33962
289,miri,4.4148,114.0089,29.08,84,40,1.03,MY,1711935453.7682712
290,coahuayana de hidalgo,18.7,-103.6583,22.09,83,99,0.88,MX,1711935454.517277
291,novodvinsk,64.4165,40.8122,-7.34,98,97,2.04,RU,1711935454.933113
292,avarua,-21.2078,-159.775,30.03,66,20,3.6,CK,1711935455.735504
293,tiassale,5.8983,-4.8283,25.89,93,83,1.64,CI,1711935456.180902
294,tralee,52.2704,-9.7026,7.08,94,100,3.66,IE,1711935456.6664221
295,qujing,25.4833,103.7833,20.36,38,0,12.46,CN,1711935457.173849
296,plastun,44.7561,136.2939,4.02,40,95,4.65,RU,1711935457.634739
297,hamilton,39.1834,-84.5333,17.63,83,100,3.6,US,1711935458.110662
298,cabo san lucas,22.8909,-109.9124,23.17,68,75,4.63,MX,1711935458.529037
299,saint-philippe,-21.3585,55.7679,26.77,88,100,3.85,RE,1711935458.952127
300,tromso,69.6496,18.957,-3.99,74,100,5.14,NO,1711935459.368524
301,altar,30.7,-111.8167,14.4,66,100,5.11,MX,1711935460.0625238
302,isla vista,34.4133,-119.861,13.3,88,100,1.54,US,1711935460.501319
303,hithadhoo,-0.6,73.0833,28.98,72,93,2.95,MV,1711935461.2652538
304,kalmunai,7.4167,81.8167,27.47,76,17,0.53,LK,1711935461.6944451
305,kupino,54.3663,77.2981,0.72,99,100,3.99,RU,1711935462.1402612
306,laghouat,33.8,2.8651,14.81,61,16,2.35,DZ,1711935462.736953
307,novyy karanlug,39.7955,47.1099,9.72,78,0,0.57,AZ,1711935463.490955
308,tucurui,-3.7661,-49.6725,24.55,96,68,1.6,BR,1711935463.998912
309,quang ngai,15.1167,108.8,31.54,56,3,1.77,VN,1711935464.5370848
310,sale,34.0389,-6.8166,13.38,100,75,5.66,MA,1711935464.95934
311,dalandzadgad,43.5708,104.425,8.4,45,54,11.46,MN,1711935465.5185978
312,lidkoping,58.5052,13.1577,6.01,94,100,2.72,SE,1711935466.238257
313,nabire,-3.3667,135.4833,30.36,63,70,2.2,ID,1711935466.666157
314,parauapebas,-6.0675,-49.9022,23.88,97,83,0.17,BR,1711935467.3570502
315,watertown,42.3709,-71.1828,9.48,60,0,2.06,US,1711935467.8103979
316,massawa,15.6097,39.45,27.63,81,35,1.52,ER,1711935468.236959
317,eyl,7.9803,49.8164,26.52,77,11,4.65,SO,1711935468.660553
318,urangan,-25.3,152.9,24.55,89,100,1.79,AU,1711935469.2065878
319,khandyga,62.6667,135.6,-12.58,87,79,1.26,RU,1711935469.7667258
320,rio grande,-32.035,-52.0986,21.15,86,100,6.45,BR,1711935470.2161028
321,yuzhno-kurilsk,44.0306,145.8556,0.21,95,5,0.85,RU,1711935470.8887858
322,al muwayh,22.4333,41.7583,18.48,78,11,6.85,SA,1711935471.477233
323,san pablo villa de mitla,16.9167,-96.4,28.13,49,32,2.01,MX,1711935472.162901
324,pitomaca,45.9506,17.2294,15.0,65,100,3.27,HR,1711935472.613697
325,belmonte,-15.8631,-38.8828,26.56,86,40,1.7,BR,1711935473.064744
326,la passe,45.5549,-0.8967,9.99,83,70,6.76,FR,1711935473.522161
327,narrabri,-30.3167,149.7833,31.96,41,79,0.89,AU,1711935474.032468
328,buturlinovka,50.8239,40.6092,11.03,70,12,3.34,RU,1711935474.44784
329,paungde,18.4833,95.5,30.98,31,0,2.57,MM,1711935474.902007
330,praia da vitoria,38.7333,-27.0667,15.42,72,20,5.68,PT,1711935475.50365
331,magadan,59.5667,150.8,-1.41,76,35,4.81,RU,1711935475.9950662
332,ar ruways,24.1103,52.7306,22.78,61,100,2.73,AE,1711935476.493796
333,quellon,-43.1167,-73.6167,7.03,83,3,1.48,CL,1711935477.161087
334,shimoda,34.6667,138.95,14.2,73,7,1.48,JP,1711935477.6016262
335,phek,25.6667,94.5,17.63,63,12,1.19,IN,1711935478.148013
336,chasong,41.4608,126.6414,7.14,20,9,4.21,KP,1711935478.637843
337,port lincoln,-34.7333,135.8667,19.29,76,98,7.41,AU,1711935479.3944361
338,conduaga,8.862,117.4893,31.06,56,100,0.74,PH,1711935480.1590679
339,kruisfontein,-34.0033,24.7314,17.88,85,100,4.97,ZA,1711935480.606976
340,maceio,-9.6658,-35.7353,25.69,100,75,1.54,BR,1711935481.05729
341,mount gambier,-37.8333,140.7667,23.06,46,100,4.13,AU,1711935481.5237179
342,sbiba,35.5433,9.0737,18.97,29,100,4.79,TN,1711935482.0120661
343,san fernando de apure,7.8878,-67.4724,29.76,52,61,0.62,VE,1711935482.47316
344,ise,34.4833,136.7,15.62,48,0,6.14,JP,1711935483.223566
345,stanley,54.868,-1.6985,5.71,93,75,5.66,GB,1711935483.6743
346,pedro juan caballero,-22.5472,-55.7333,19.44,90,100,2.61,PY,1711935484.471009
347,sotik post,-0.7813,35.3416,12.18,97,92,1.23,KE,1711935485.25342
348,murun-kuren,49.6342,100.1625,0.88,47,1,9.82,MN,1711935485.958975
349,kristiansund,63.1115,7.732,5.36,93,100,1.03,NO,1711935486.61778
350,saipan,15.1355,145.701,28.39,1,75,8.75,MP,1711935487.060933
351,guerrero negro,27.9769,-114.0611,16.55,60,1,6.11,MX,1711935488.386854
352,walvis bay,-22.9575,14.5053,15.61,94,20,3.78,NA,1711935488.939577
353,turpan,42.9333,89.1667,15.81,25,100,1.15,CN,1711935489.407028
354,st. john's,47.5649,-52.7093,2.16,85,75,6.17,CA,1711935490.117184
355,ayabe,35.3,135.25,16.08,40,0,3.55,JP,1711935490.54419
356,al kharijah,25.4514,30.5464,21.84,29,0,2.63,EG,1711935491.679349
357,miches,18.9836,-69.0476,23.37,78,23,5.28,DO,1711935492.121818
358,verkhotur'ye,58.8627,60.8054,1.52,95,100,4.39,RU,1711935492.907326
359,cockburn town,21.4612,-71.1419,22.98,64,40,4.12,TC,1711935493.532959
360,manismata,-2.4667,111.0333,25.37,95,100,1.33,ID,1711935494.3444102
361,navoloki,57.4657,41.9634,1.99,98,97,2.97,RU,1711935494.845959
362,narsimhapur,22.95,79.2,28.18,26,20,2.27,IN,1711935495.314545
363,chul'man,56.8479,124.9104,-11.28,86,95,0.9,RU,1711935495.768194
364,fort bragg,35.139,-79.006,23.91,47,0,2.57,US,1711935496.2279522
365,champerico,14.3,-91.9167,28.18,71,6,2.83,GT,1711935497.315985
366,san rafael del sur,11.8485,-86.4384,31.54,56,96,6.24,NI,1711935497.9179578
367,yarmouth,41.7057,-70.2286,8.9,83,0,2.06,US,1711935498.4335449
368,kyren,51.6828,102.1408,0.53,92,4,0.45,RU,1711935498.977097
369,kralendijk,12.15,-68.2667,26.99,74,20,5.66,BQ,1711935499.414809
370,san patricio,28.017,-97.5169,23.98,88,100,6.49,US,1711935499.8650408
371,kalemie,-5.9475,29.1947,22.13,92,100,1.5,CD,1711935500.595525
372,cheremushki,52.8356,91.3944,2.68,82,83,3.14,RU,1711935501.046784
373,la sarre,48.8002,-79.1996,-4.75,91,65,1.77,CA,1711935501.7092822
374,grand gaube,-20.0064,57.6608,24.65,93,78,1.34,MU,1711935502.6391108
375,dryden,49.7833,-92.7503,-1.84,64,100,1.54,CA,1711935503.21408
376,ezhva,61.8128,50.7283,0.88,93,100,3.0,RU,1711935503.6752572
377,bardai,11.65,7.2333,27.52,11,100,3.69,NG,1711935504.4812832
378,aasiaat,68.7098,-52.8699,-6.37,94,100,2.6,GL,1711935505.1037161
379,nantucket,41.2835,-70.0995,8.08,76,0,5.66,US,1711935505.5538769
380,sitka,57.0531,-135.33,6.94,57,75,6.17,US,1711935506.309932
381,carbonear,47.7332,-53.2148,3.01,85,100,3.86,CA,1711935506.915885
382,pasni,25.2631,63.471,24.92,56,100,4.29,PK,1711935507.362227
383,lompoc,34.6391,-120.4579,15.23,76,75,5.66,US,1711935507.919222
384,mahibadhoo,3.7833,72.9667,28.83,72,12,2.33,MV,1711935508.6243799
385,hoi an,15.8794,108.335,29.98,64,1,3.13,VN,1711935509.064768
386,bokakhat,26.6333,93.6,21.03,87,82,3.35,IN,1711935509.587677
387,nova xavantina,-14.6667,-52.35,24.61,89,42,1.07,BR,1711935510.0690298
388,nemuro,43.3236,145.575,2.19,66,6,1.3,JP,1711935510.6319702
389,severo-yeniseyskiy,60.3725,93.0408,-12.77,89,100,4.15,RU,1711935511.4456582
390,lebu,-37.6167,-73.65,10.92,76,3,4.76,CL,1711935511.9049869
391,nagqu,31.5,92.0,-0.16,18,100,9.54,CN,1711935512.367341
392,wucheng,29.6008,118.175,23.28,62,100,1.89,CN,1711935512.8623738
393,la romana,18.4273,-68.9728,23.2,88,20,2.06,DO,1711935513.378191
394,portage la prairie,49.9728,-98.2926,-3.83,58,48,1.74,CA,1711935513.8493161
395,fernley,39.608,-119.2518,7.54,55,88,1.79,US,1711935514.302075
396,twin falls,42.3505,-114.6445,5.94,81,100,1.54,US,1711935515.685091
397,xam nua,20.4197,104.0439,30.07,27,57,3.65,LA,1711935516.214427
398,bilisht,40.6275,20.99,10.71,52,96,2.29,AL,1711935516.652152
399,polyarnyye zori,67.3661,32.4981,-9.45,97,100,1.57,RU,1711935517.117811
400,greenland,43.0362,-70.8328,7.19,62,0,0.0,US,1711935517.757387
401,mezhdurechenskiy,59.6,65.9333,0.96,98,100,3.92,RU,1711935518.305135
402,tual,-5.6667,132.75,28.06,77,84,3.88,ID,1711935518.760268
403,lerwick,60.1545,-1.1494,7.0,94,22,4.53,GB,1711935519.212019
404,tangalle,6.024,80.7911,25.09,80,43,2.89,LK,1711935519.681844
405,saint-joseph,-21.3667,55.6167,26.21,85,100,4.7,RE,1711935520.145283
406,grand falls-windsor,48.9332,-55.6649,2.5,79,99,0.45,CA,1711935520.6715798
407,la rinconada,37.4873,-5.9826,11.1,91,0,2.06,ES,1711935521.129886
408,antsiranana,-12.2787,49.2917,24.79,93,44,3.24,MG,1711935521.604115
409,vilyuchinsk,52.9306,158.4028,1.15,99,100,2.12,RU,1711935522.169701
410,kerikeri,-35.2268,173.9474,22.73,67,24,0.45,NZ,1711935522.621324
411,pizarro,4.9533,-77.366,24.5,92,100,1.57,CO,1711935523.220004
412,arraial do cabo,-22.9661,-42.0278,23.71,87,0,1.57,BR,1711935523.727618
413,klaksvik,62.2266,-6.589,3.51,82,74,3.5,FO,1711935525.05531
414,barranca,-10.75,-77.7667,22.41,80,100,3.64,PE,1711935525.8841112
415,arkalyk,50.2486,66.9114,-1.48,82,41,3.86,KZ,1711935526.3393102
416,genhe,50.7833,121.5167,-3.16,61,59,3.07,CN,1711935527.3172731
417,akaa,61.1667,23.8667,3.44,99,85,1.93,FI,1711935527.77058
418,yung shue wan,22.2333,114.1167,27.68,83,28,0.89,HK,1711935528.199617
419,kyosai,34.8503,128.5886,15.98,51,0,1.68,KR,1711935528.645368
420,north platte,41.1239,-100.7654,9.51,70,100,10.73,US,1711935529.462281
421,isangel,-19.55,169.2667,27.46,58,8,4.2,VU,1711935529.885948
422,cangas del narcea,43.1833,-6.55,6.24,93,89,3.87,ES,1711935530.321971
423,qashyr,53.0675,76.1036,0.62,84,88,4.33,KZ,1711935530.769446
424,hsinchu,24.8036,120.9686,25.48,61,98,2.24,TW,1711935531.207627
425,remire-montjoly,4.9167,-52.2667,26.02,94,20,1.03,GF,1711935531.658496
426,igarka,67.4667,86.5833,-20.72,97,65,4.38,RU,1711935532.1250691
427,tot'ma,59.9747,42.7642,-0.99,98,89,2.05,RU,1711935532.579045
428,scarborough,54.2797,-0.4044,6.76,93,100,2.68,GB,1711935533.0577412
429,salekhard,66.53,66.6019,-7.39,95,100,5.29,RU,1711935533.60676
430,arteche,12.2645,125.4048,29.09,64,80,4.15,PH,1711935534.0549161
431,saudarkrokur,65.7461,-19.6394,-6.11,77,49,7.86,IS,1711935534.516337
432,frutal,-20.0247,-48.9406,23.28,83,16,1.26,BR,1711935535.5104299
433,laguna,38.421,-121.4238,17.25,58,100,7.2,US,1711935535.9630988
434,arkhara,49.4212,130.0842,-4.57,81,100,5.81,RU,1711935536.46332
435,bangor,54.6534,-5.669,7.27,85,75,5.14,GB,1711935536.914165
436,smithers,54.7804,-127.1743,12.18,22,20,1.54,CA,1711935538.245813
437,trairi,-3.2778,-39.2689,23.7,92,100,1.63,BR,1711935538.864248
438,bikenibeu village,1.3673,173.1241,30.98,79,20,4.12,KI,1711935539.3209689
439,amungan,15.3652,119.9582,30.15,59,23,3.12,PH,1711935540.523715
440,qamdo,31.1667,97.2333,1.95,48,100,1.6,CN,1711935541.5519922
441,chimbote,-9.0853,-78.5783,21.98,84,100,3.2,PE,1711935542.57457
442,leticia,-4.2153,-69.9406,26.03,94,20,0.0,CO,1711935543.599634
443,yerofey pavlovich,53.9667,121.9667,-4.51,62,36,1.12,RU,1711935544.587677
444,luang prabang,19.8856,102.1347,23.98,78,20,1.03,LA,1711935545.647093
445,sidhi,24.4167,81.8833,28.09,16,21,3.54,IN,1711935546.568615
446,malango,-2.9627,119.9001,24.34,87,98,0.51,ID,1711935547.693347
447,sassandra,4.95,-6.0833,27.01,90,6,1.71,CI,1711935548.605771
448,murray bridge,-35.1167,139.2667,21.74,36,100,3.58,AU,1711935549.539853
449,luena,-11.7833,19.9167,19.1,100,100,2.06,AO,1711935550.457891
450,pisco,-13.7,-76.2167,22.79,83,0,7.72,PE,1711935551.381537
451,wichita falls,33.9137,-98.4934,21.08,85,0,6.71,US,1711935552.280041
452,camarinas,43.1311,-9.1817,10.52,78,28,11.19,ES,1711935553.702192
453,mesyagutovo,55.5303,58.2528,1.44,99,100,5.43,RU,1711935554.6613498
454,zhosaly,45.4878,64.0781,4.85,65,97,4.08,KZ,1711935555.5826619
455,ulanhot,46.0833,122.0833,2.51,25,6,3.99,CN,1711935557.55474
456,alcala la real,37.4614,-3.923,5.75,87,65,2.22,ES,1711935558.48304
457,pemangkat,1.1667,108.9667,25.67,90,100,2.69,ID,1711935560.3832169
458,rabigh,22.7986,39.0349,25.43,62,0,0.7,SA,1711935561.314371
459,watari,38.035,140.8511,15.43,30,40,3.6,JP,1711935562.3396108
460,semporna,4.4818,118.6112,28.34,78,95,2.15,MY,1711935563.4796932
461,lere,10.387,8.5726,24.86,51,98,2.21,NG,1711935564.4901319
462,bodo,67.28,14.405,1.54,69,100,6.17,NO,1711935565.3716888
463,troitskoye,52.9821,84.6757,0.8,98,100,3.73,RU,1711935566.332289
464,inda silase,14.1031,38.2829,19.03,43,6,0.66,ET,1711935568.380233
465,sao tome,0.3365,6.7273,28.2,81,100,2.72,ST,1711935569.414877
466,szczytna,50.4134,16.4474,12.69,71,9,1.98,PL,1711935570.424267
467,vorkuta,67.5,64.0,-7.75,96,100,3.39,RU,1711935571.349621
468,vernon,50.2581,-119.2691,13.2,46,58,1.34,CA,1711935572.256929
469,brisas de zicatela,15.8369,-97.0419,28.29,74,0,2.57,MX,1711935573.198248
470,chake chake,-5.2459,39.7666,25.62,88,92,1.6,TZ,1711935574.217271
471,christchurch,-43.5333,172.6333,15.79,64,100,2.06,NZ,1711935575.091886
472,al khums,32.6486,14.2619,23.56,29,0,5.53,LY,1711935576.060437
473,oum hadjer,13.2954,19.6966,28.39,13,100,4.92,TD,1711935576.9347231
474,cloquet,46.7216,-92.4594,4.38,38,0,0.0,US,1711935578.8253188
475,haiku-pauwela,20.9219,-156.3051,26.23,68,40,8.23,US,1711935579.7472389
476,puerto penasco,31.3167,-113.5333,18.28,70,10,10.73,MX,1711935580.6687481
477,kill devil hills,36.0307,-75.676,15.0,86,100,4.12,US,1711935581.6904619
478,polyarnyy,69.1989,33.4478,-9.48,88,87,4.53,RU,1711935582.5682518
479,tadine,-21.55,167.8833,25.02,75,56,6.3,NC,1711935583.444532
480,gaitania,3.0906,-75.6723,22.11,94,97,1.1,CO,1711935584.4533591
481,ujae,8.9322,165.7642,27.62,81,100,10.02,MH,1711935585.481031
482,swakopmund,-22.6833,14.5333,15.55,88,7,2.78,NA,1711935586.366722
483,bloemfontein,-29.1211,26.214,13.71,94,100,1.03,ZA,1711935587.324268
484,riviere-du-loup,47.8304,-69.5342,1.49,55,19,3.09,CA,1711935588.860201
485,el alto,-4.2714,-81.2147,22.81,77,42,3.45,PE,1711935589.778591
486,csorna,47.6115,17.2501,17.16,64,100,9.6,HU,1711935590.670636
487,mukalla,14.5425,49.1242,25.44,74,14,2.78,YE,1711935591.624629
488,namibe,-15.1961,12.1522,22.86,76,33,2.72,AO,1711935592.545411
489,thana bhawan,29.5864,77.4167,21.97,39,99,3.2,IN,1711935593.465019
490,timimoun,29.2639,0.231,19.21,27,0,4.63,DZ,1711935594.4945312
491,port douglas,-16.4833,145.4667,28.04,66,24,5.01,AU,1711935595.516958
492,meadow lake,34.8014,-106.5436,16.71,23,67,12.32,US,1711935596.540261
493,makurazaki,31.2667,130.3167,18.13,69,55,6.19,JP,1711935597.460756
494,howard springs,-12.497,131.047,31.01,82,100,3.01,AU,1711935598.383575
495,pacific grove,36.6177,-121.9166,15.96,80,75,5.66,US,1711935599.353021
496,coruripe,-10.1256,-36.1756,26.79,86,35,2.78,BR,1711935600.329036
497,machico,32.7,-16.7667,15.4,80,20,1.03,PT,1711935601.2510731
498,coffs harbour,-30.3,153.1333,25.07,78,75,6.69,AU,1711935603.2510772
499,nguigmi,14.2495,13.1092,28.51,21,93,4.96,NE,1711935604.3224971
500,bereznik,62.8551,42.7072,-0.22,96,100,1.05,RU,1711935605.2443252
501,prince rupert,54.3161,-130.3201,8.05,71,20,8.23,CA,1711935606.1662369
502,kandyagash,49.4744,57.4233,-0.77,90,33,2.78,KZ,1711935608.419138
503,petukhovo,55.0692,67.9019,-0.37,97,100,6.61,RU,1711935609.54565
504,golfito,8.639,-83.166,25.27,80,25,0.98,CR,1711935610.672234
505,massena,44.9281,-74.8919,5.14,65,0,5.14,US,1711935611.5945349
506,lodwar,3.1191,35.5973,28.68,52,50,6.56,KE,1711935612.6176078
507,newman,37.3138,-121.0208,18.41,80,88,3.13,US,1711935613.664324
508,bengkulu,-3.8004,102.2655,27.98,77,10,1.12,ID,1711935614.7679749
509,novo aripuana,-5.1206,-60.3797,24.12,99,96,0.78,BR,1711935615.8938072
510,alo,7.4178,6.7371,27.99,78,99,2.81,NG,1711935616.770484
511,mozarlandia,-14.7447,-50.5706,24.84,83,53,2.27,BR,1711935617.657233
512,coyhaique,-45.5752,-72.0662,6.97,65,0,2.06,CL,1711935618.70743
513,zaozersk,69.4005,32.4476,-13.76,97,79,1.75,RU,1711935619.6820962
514,cooma,-36.2333,149.1333,24.91,16,90,0.92,AU,1711935620.838351
515,soto la marina,23.7667,-98.2167,23.9,89,97,5.74,MX,1711935621.833867
516,greymouth,-42.4667,171.2,15.18,71,100,1.67,NZ,1711935622.869335
517,kosh-agach,50.0,88.6667,-10.39,80,15,1.79,RU,1711935623.881236
518,paita,-5.0892,-81.1144,22.61,79,85,5.8,PE,1711935624.77426
519,ghat,24.9647,10.1728,23.92,9,0,1.1,LY,1711935625.739161
520,veraval,20.9,70.3667,24.02,68,100,5.91,IN,1711935626.724728
521,cole harbour,44.6724,-63.4751,2.77,68,16,1.79,CA,1711935627.658259
522,fale old settlement,-9.3852,-171.2468,29.62,74,36,6.22,TK,1711935628.55206
523,bezhetsk,57.7851,36.6965,7.59,96,94,4.77,RU,1711935629.576016
524,uzgen,40.7699,73.3007,1.16,50,2,2.56,KG,1711935630.5369148
525,tolanaro,-25.0319,46.9987,24.04,88,75,7.2,MG,1711935631.460604
526,syumsi,57.1111,51.6149,0.85,99,100,1.8,RU,1711935632.380346
527,inarajan village,13.2736,144.7484,30.55,85,94,7.85,GU,1711935633.507512
528,port isabel,26.0734,-97.2086,24.46,88,100,6.17,US,1711935634.6597
529,mil'kovo,55.6078,37.7956,9.63,92,100,3.74,RU,1711935635.6470022
530,north bend,43.4065,-124.2243,13.32,76,75,9.26,US,1711935636.7822878
531,selfoss,63.9331,-20.9971,-3.63,48,89,10.77,IS,1711935637.6791139
532,makokou,0.5738,12.8642,22.22,98,100,1.56,GA,1711935638.597336
533,corner brook,48.9667,-57.9484,0.09,98,95,0.58,CA,1711935639.548627
534,northam,51.0333,-4.2167,7.01,94,100,5.11,GB,1711935640.6897159
535,soio,-6.1349,12.3689,26.42,85,100,1.57,AO,1711935641.614784
536,saint-francois,46.4154,3.9054,7.69,94,100,5.14,FR,1711935642.492722
537,robore,-18.3333,-59.75,26.88,67,100,1.05,BO,1711935643.542208
538,guatire,10.4762,-66.5427,20.62,94,70,0.57,VE,1711935644.678449
539,energetik,51.7445,58.7934,1.95,92,100,4.64,RU,1711935645.6907158
540,vangaindrano,-23.35,47.6,22.41,93,97,2.77,MG,1711935646.7163892
541,kuala tungkal,-0.8167,103.4667,28.38,74,100,0.95,ID,1711935648.866873
542,jieshou,33.2634,115.3611,23.6,64,5,5.19,CN,1711935649.789342
543,maintirano,-18.0667,44.0167,26.13,81,10,2.26,MG,1711935650.699894
544,arkhangel'sk,64.5401,40.5433,-7.15,92,20,0.0,RU,1711935651.734483
545,taksimo,56.3444,114.8794,-10.47,78,93,0.85,RU,1711935653.527224
546,kargasok,59.0556,80.8572,-13.35,97,95,1.79,RU,1711935654.441432
547,basoko,1.2391,23.616,22.42,88,100,1.82,CD,1711935655.4206872
548,lisakovsk,52.5369,62.4936,1.64,92,100,6.32,KZ,1711935656.3420238
549,port sudan,19.6175,37.2164,25.4,58,93,3.76,SD,1711935657.366511
550,talcahuano,-36.7167,-73.1167,12.82,71,0,4.63,CL,1711935658.286575
551,antalaha,-14.9003,50.2788,24.68,92,80,2.2,MG,1711935659.209829
552,midvagur,62.0511,-7.1939,3.46,93,75,1.03,FO,1711935660.132823
553,le vauclin,14.5452,-60.8388,26.03,73,0,2.57,MQ,1711935661.0490339
554,nort-sur-erdre,47.4333,-1.5,8.1,99,91,5.89,FR,1711935662.076285
555,baihe,22.15,107.2333,30.47,55,26,3.49,CN,1711935663.036486
556,mudgee,-32.5943,149.5871,28.49,26,0,2.87,AU,1711935664.0221848
557,nago,26.5881,127.9761,25.25,78,100,5.79,JP,1711935665.148758
558,pasvalys,56.0594,24.4036,11.51,90,35,3.66,LT,1711935666.1731148
559,puerto asis,0.5133,-76.5007,23.56,98,100,0.68,CO,1711935667.093786
560,luanda,-8.8368,13.2343,25.0,83,75,3.6,AO,1711935667.9955142
561,el granada,37.5027,-122.4694,16.36,80,100,6.17,US,1711935668.908716
562,an nuhud,12.7,28.4333,20.65,17,29,5.55,SD,1711935669.963326
563,saurimo,-9.6608,20.3916,19.28,99,100,0.3,AO,1711935670.985614
564,ardakan,32.31,54.0175,13.63,29,0,3.57,IR,1711935672.1840498
565,revda,56.801,59.9303,1.11,97,100,5.54,RU,1711935673.238324
566,junin,-34.5838,-60.9433,17.17,57,99,3.79,AR,1711935674.255887
567,dharamsala,32.2419,76.3213,12.24,47,100,3.09,IN,1711935676.2077692
